text,label,score
percuma fitur adu warga adu jelas tindaklanjutnya,0,1
bagus bantu,1,5
bayar online buat apa bos bos klw ujung pangesahan jg ktp asli kesah disamsat pusat aneh aneh sistem konyol gk guna ngapain bikin bos bos buang anggar ladang korupsi,0,1
gk daftar buat akun loding applikasi gk pakai buat apa,0,1
bagus cepat moga trus upgrade tegnologiny,1,5
kurang guna bayar pajak online kesah stnk pajak tahun kirim lokasi sperti signal,0,1
login cek pajak kendara padahal koneksi lancar baik,0,1
pake sama sekali masuk sekali udh masuk log in terus loading padahal kouta banyak sinyal wifi kuat hadeuhh gimna baik,0,1
lihat bagus login cek bayar pajak kendara sambara lot terang sibuk ganggu perintah cuma buat gengsi gimana,0,1
bayar panjank apl sapa warga jabar,1,5
bantu sekali,1,5
apk useless sama kek kelola mutu,0,1
login selalu log out sendiri,0,1
masuk daftar salah internal,0,2
selaku urus rw posyandu lengkap modul fitur dasawisma mobilitas duduk mudah data warga,1,5
teu asup wae hanas pasang aripekteh goreng aplikasina ah nanahaon kieu,0,1
masukkin data diri kali kali tetep simpan baik apk kirain bikin apk mudah nyata engga,0,1
khusus gen manya tgl lahir mulai tahun mani koret pis lahir teu tiasa input data,1,4
masa isi lahir tahun pilih makanya bikin jangan hemat anggar,0,1
lambat tangan heran alih kn sini alih kn sana trus mandekk bkan mudah malah ngalilakeun,0,1
mantap proses langsung manfaat,1,5
lot paraah,0,1
jawa barat masalah ribet perintah layan publik sapawarga,1,5
sering logout diri login,0,1
kapan layan duduk area bogor kota bogor kabupaten kota kabupaten jabar masuk sapawarga moga cepat luas integrasi seluruh wilayah jabar area bandung,1,5
bayar pajak lewat status bayar tunggu bayar chat hotline malah suruh nunggu slow respon pulak hadeh,0,1
masukin identitas erorr coba kali sesuai ktp kk validasi tambah isi kota kabupaten enggak milih alamat sesuai domisili enggak klik ancur padahal bayar pajak ampundah,0,1
mudah aman,1,5
jangan detik kirim ingat dini cuaca jawa barat ganggu,0,1
sebel sama notifikasi menit kirim notifikasi kali,0,1
jos bs bwt bayar pajeg mtr,1,5
notif tiap menit muncul terus risih,0,1
bodoh noh adminya ngasih ingat dini ujan sedang tubi pake atur,0,1
notifikasi ingat benah ingat lokasi masa sampe kali kali menggangu bintang lanjut uninstal,0,2
love bombing spam notif ingat cuaca,0,1
jatuh malah bayar pajak kena beberapa denda padahal jatuh tempo aneh denda kadang muncul kadang hilang hari ngecek total gin besok pas cek tiba tiba total jauh banyak kena denda padahal jatuh tempo lama lengkap data diri walaupun ganti hp ganti nik terlalu sering gonta ganti jelas,0,1
baik apk suka logout sendiri tiap login invalid terus eror mulu,0,2
bantu bngt,1,5
kecewa bangeeeeet payah data update bayar pajak tahun malah database bayar tahun belum,0,1
sayang stnk baru kirim alamat rumah ttp samsat ambil stnk baru,0,2
buat akun baru verifikasi email entah kapan kirim,0,1
mantap guna jabar istimewa,1,5
lengkap data diri pas isi tgl bulan tahun bikin kesel masa rurut tahun tahun pengembng lihat malas kontrol,0,1
sapa warga mudah bayar pajak kendara motor ribet,1,4
ken tahu biaya pajak motor sendiri bebelit belit kudu daftar dulu sperti minta bansos bebelit belit kaya nyari jarum jahit dasar samudra,0,1
update malah eror maha bos,0,1
yg kurang tgl bln thn lahir,1,4
vertifikasi lepas kendara bulan ubah,0,1
bayar pajak aplikasi gabisa klik pas masuk cek kendara pribadi bayar pajak rasa mudah,0,1
senang nonton drama menghubur,1,5
cek pajak pagi server eror terus,0,1
susah login id google tolen valid,0,2
buat akun login baik via google maupun via daftar email kk hp,0,1
update malah bs login pake google,0,1
apk bantu bangat,1,5
kemendagri polisi wejang biar pajak makin patuh gimana cabut berkas bayar terbit surat bayar mana anggar triliun satu pajak harus bayar tunggak satu tahun mudah lahh jangan malas,0,1
jelas buka malah cuma blank hitam doang,0,1
padahal buka notifikasi cuaca jawa barat muncul baris tutup muncul gk buka malah banyak asa pingin uninstal parah uninstal,0,1
bayar pajak bikin ribet,0,1
bagus saran bayar pajak kendara alangkah baik sekali cetak kirim dokumen signal,1,4
mudah simpel,1,4
baik informasi akurat,1,5
parah update malah login,0,1
mantap aplikasi lengkap bantu,1,5
alhamdulilah bantu bayar pajak kendara,1,5
gabisa login update respon adu lambat gaada solusi sama sekali minggu gabisa login,0,1
update benerin masa buat masukin tgl lahir geser lama yg masukin tua misal lahir an bis lama,0,1
moga manfaat,1,5
jalan raya layan publik akses ekonomi,1,5
pake potocopy ktp stnk bpkb kan online padahal bayar online,0,1
manfaat adu warga,1,5
ngeinstal apk karna nama aing pake ku orang yg bertanggungjawab ngeblokir stnk bpkb sebut si anj samsat rancaekek pajak thunan nembak ktp asli,0,1
hi jabat sapa warga bayar online kesah stnk datang samsat ajar signal bayar stnk fisik kirim kan alamat terima online via pos indonesia suruh datang percuma efesien waktu kerja libur tak tentu,1,4
bantu sekali smg depan lbh baik mungkin jelas lancar guna apk guna apple android dgn os minimal brp thanks,1,5
assalamu alaikum susah input data profil pribadi apa maintenance,1,4
sore izin tanya bagaimana cara rubah email akun,1,4
gue barusan bayar bayar hasil pas buka apk gimana oyy,0,2
bayar pkb muncul notifikasi gagal oleh response success api tetap nominal pkb responnya,0,1
hampura bapak dedi moal wara mayar pajak hela soalna pabelit jeng setor kendara nage pigaweyen jaba ker hese pajakna mahal deih,1,5
login gmail,0,1
kacau pas setting tanggal lahir simpel,0,2
download eskkp lalu kesah stnk luar wilayah kabupaten meski wilayah kabupaten,0,1
mantap sapawarga bantu warga jabar,1,5
bantu sama sekali,0,1
cuba aj,1,5
oke bantu,1,5
kece pajak mudah,1,5
tahun lahir paling rendah th yg bawah th daftar akun ngadi ngadi,0,1
aneh bayar pajak online tetep samsat mending langsung samsat sama ngantri harus fitur kirim stnk rumah,0,1
bayar pajak atas nama usaha masukin nik uda masukin siup npwp,0,1
cepat mudah,1,5
mudah guna,1,5
gabisa login daftar apk perintah kacau semua,0,1
akurat mudah guna bantu,1,5
bs akses,0,1
cek pajak motor beberapa hari kemaren total barusan cek denda emang salah sistem kalaupun denda masa besar,0,1
jelek layan buat cek kendara motor bintang satu cukup,0,1
bayar pajak sini,1,5
blm coba samsat langsung,1,5
bantu tahu brapa bayar,1,5
liat pajak kendara,1,4
jelas bayar opsi kirim,0,1
jelek sekali layan lambat buruk bikin adu nunggu verifikasi hari hari tnpa solusi bantu beri solusi overall kecewa,0,1
gimana lurah desa domisili yg sesuai ktp pilih,0,1
abal terlalu ribet hati hati jangan cuma ngumpulin data pribadi orang,0,1
appnya bagus manfaat,1,5
siiip lanjut,1,5
mantap bantu,1,5
baru kali perintah lancar aplikasi semua satu guna cepat urus,1,5
bantu sekali estimasi pajak,1,5
baik bug download bukti bayar pajak,0,2
ada jasa antar stnk baru bayar online masa cetak stnk samsat,1,4
lbh baik,1,5
woy bales komentar payah,0,1
tahu nominal kantor pajak top,1,5
banyak loading,1,5
jabar keren mudah warga,1,5
ngaco hasil cek pajak bingung bener kemarin update malah ngaco bingung ngitung pajak benerin paling ngga balikin kaya kemari,0,1
batu baget mudah kalaw beli motor ken,1,5
sangan bantu sekali,1,5
apa si kaga nyimpen data kocag,0,1
jd tau waktu bayar,1,5
bayar pajak motor gausah ngantri anti ribet kaum mager keluar rumah bantu,1,5
good job,1,5
cukup bantu,1,5
bantu buat nge cek nominal byr pajak kendara buat nge blokir kendara yg sdh jual,1,5
mudah kece pajak kendara jabar,1,5
bagus mudah an depan sedia jg cek pajak bumi bangun,1,5
sekarang buka,0,2
ada sapawarga mudah transaksi,1,5
bagus sesuai ekfetasi warga guna,1,5
info akurat bantu utk tahu kondisi kendara,1,5
good bantu,1,5
verifikasi akun bulan blom selesai,0,1
ada bantu bayar pajak urus lain,1,5
info bantu,1,5
mudah bayar pajak kendara,1,5
kaget pas bayar pajak motor sendiri sambara nyata motor milik orang unit jadi baik aplikasi padahal verifikasi data diri coba logout kali uninstall kali tetap,0,1
alhamdulillah bantu,1,5
bantu bayar pajak uang cukup tidah cek uang cukup segera laku tindak exusi pajak lanjut kurang segera cari uang mecukupi sesuai bayar pajak cari utang oom,1,5
bagus bantu sekali,1,5
baharu terus dg fitur yg buat warga jabar praktis cepat dlm selesai masalah yg kait dg kendara,1,5
bayar emg mudah cetak skpp jg mudah beri terang jelas apa pbayar pajak masa cetak luar kntr sndr klu deket tempat print out jauh kan kasihannn kec pemberitahuan sblmnya aplikasi udh bayar pajak rutin mas sulit jg kecewa sangaaat,0,2
lelet kerja nunggu verifikasi hari hari,0,1
lbh mudah cek,1,5
baharu ulas sekarang aplikasi tambah fiturnya alhamdulillah mudah,1,5
oke komplit,1,5
kesah segala kan udh bayar stnk online digital apa beda klo ujung samsat jg,0,2
baik sajah,1,4
apk bantu sekali,1,5
pake isi data pribadi nik segala,0,1
butut bayar via qris malah konfirmasi bayar klik muncul muncul gilir lapor malah suruh tunggu ngantri tau kapan apa onlone antri,0,1
gampang buat bayar pajak,1,5
bagus bantu mantap,1,5
cepat respon,1,5
sedia mutih apk langsung datang samsat bantu warga tinggal pelosok jauh kota,1,5
mantap mudah masyarakat,1,5
bayar pajak via online no plat ciamis cetak stnk beda kota banjar mantapp gratis,1,5
sekarang bagus,1,5
mantap aplikasi bantu,1,5
lekas milik hari kabar kata hari payah,0,1
bulan bulan hapus kendara cuma verivikasi doang percuma hapus kendara lot verivikasi,0,1
sapa warga,1,5
bantu warga,1,5
balikin duit bayar pajak double,0,1
alhamdulillah lancar bagus,1,5
woi developerrr benerin tuh bug bayar stnk via online transaksi bayar hasil tunggu bayar chat tetap gk respon,0,1
efisien ecek pajak kendara,1,5
baik presisi rat mudah,1,5
sang at bantu,1,5
mantap cek kendara yg nunggak pajak,1,5
bantu mudah kece bayar pajak kendara,1,5
mudah gampang,1,5
bantu bintang,1,5
developer vendor asal an tuh bikin biaya maintenance masa akses kamera padahal beri ijin akses kamera,0,1
mudah kerja,1,5
cepat tahu pajak kendara,1,5
makin mudah bayar mana sapawarga,1,5
bagus akurat,1,5
mantap jabar juara,1,5
akurat kk,1,5
barusan update malah buat cek nopol kendara hasil malah bingung motor yg mati pajak muncul hasil malah masa pajak mending kembali mula,0,1
baru jg donlot dipake siang mlmnya udh minta update,0,1
mantap bgtt,1,5
bantu buat yg sibuk kerja mudah bayar pajak,1,5
man amana aman pokok na ajib,1,5
sangan batu inpormasi,1,5
applikasi bantu mudah hendak ecek bayar pajak,1,5
informasi edukasi tahu beri manfaat warga jabar,1,5
sapa warga bantu,1,5
bagaana cara tambah kendara,1,5
bintang bantu mudah hendak bayar pajak cek total biaya siap belum,1,5
biaya pajak sama bagi humas samsat beda jauh ngecek byr pjk thn ribu pas tanya bagi pajak cuman,0,1
bantu mudah,1,5
responsif layan kura kura,0,1
tes pajal,1,5
alhamdullilah bantu sekali kece mantap poko,1,5
susah buka galery rasullulah,0,1
lama verifikasi kecewa,0,1
bantu bayar pajak kendara hp perlu antri,1,5
sumpah hampir bulan daftar status pengeckan rakyat bayar pajak sulit mau datengin langsung samsat biar pasu kali sumpah tetep dateng kantor,0,1
masuk sulit kolom tgl lahir hampir minggu baru hasil rubah cara isi kolom jgn model almenak kalender yg aki aki scrol tahun jauh bawah jari tangan struk gagal maning gagal maning buat mudah dg cara ketik lengkap kendara roda milik tanah integrasi dg bpjs sehat trimakasih,1,4
benar super apps bagus paksa beri bintang satu alas simple akun google kait sapawarga ganti akun google baru sulit aktivitas punya jejak digital sana sapawarga bagai alas butuh akun google baru fitur baru ganti akun google baru,0,1
adu ijazah tahan pihak sekolah bulan selesai adu warga selesai ribu adu masuk selesai cuma gokillllllllll jabarrrrrrrrr,0,1
layan the best lebay kaya signal gilir minta kode bayar bank keluar mulu kode eror mulu sampe bln the best sapawarga tahan tks,1,5
payah apk apa orang bayar pajak tahun stnk malah tolak bayar padahal udh transfer besar muncul sama sekali bill bayar cek riwayat bayar sama sekali yg nama transaksi batal uang tuh balik dana malah sama sekali amanah sumpahin kualat hidup,0,1
bayar pajak nmax rb tpi malah masuk transaksi batal tpi duit masuk malah jadi bayar samsat rb manual org samsat gamau tau soal transaksi hasil padahal gua bayar bukti qrisnya bayar pajak double makan tuh duit gua buat jabat,0,1
isi data diri tanggal lahir mentok tahun hahahaha yg lahir tahun gimana isi,0,2
masa data tanggal lahir tahun cuma dampe tahun yg lahir tahun bawah gmna settingnya hadeuh,0,1
sapawarga siip mantap,1,5
bantu urus pajak kerja karyawan,1,5
cara ngerubah tahun lahir gmn kocak kaga geser geser tahunlahir bawah,0,1
lama proses ganti nama hampir tahun,0,2
aplikasi baharu lengkap data tahun lahir sedia mulai tahun atas lahir tahun bawah lengkap data,1,5
perintah suka jelek ampunnn dah,0,1
apk gx ad manfaat bikin adu bulan bulan gx maju spa nlapor masa yg adu gx beres malah makin rumit,0,1
biasa pemerintahmah gada yg benerr daftar gagal terus pea buat akun gagal udh isi data diri gagal,0,1
mudah bayar pajak,1,5
buruk dulu,0,1
byar pajak dokumen skkp download padahal print lokasi jauh padahal plat jabar harus tunggu pulkam,0,2
susah bayar pajak sulit jngn bayar pajak gitu,0,1
udh bagus banyak bug menu loker mulai filter profil khusus android baik,1,4
jelas lengkap data diri suruh tunggu sebentar bagi kota kabupaten tunggu sebentar sampe kiamat kali,0,2
geleh aing,0,2
gk buka bayar teh,0,1
gk fungsi,0,1
hari yuh my,0,2
adu gk bsa trus internal server eror mhon cepat baik segera,0,1
alam beri info bayar pajak,1,5
mudah kece pajak kendara motor,1,5
cape asli kemaren bayar pajak salah sistem terus eror terus,0,1
peebaiki sistem operasi biar nyaman,1,4
punten dangdosan teh bade nawur pajeg teu tiasa wae ieu kantenan nuju luar jabar atanapi wios teuing hnteu nawur ambih luhur hnteu jojogedan,0,1
mantap jabar bapak aing,1,5
coba apk loading lama padahal jaring bagus padahal bantu jaring wifi pake jaring tetep loading lama aneh apk baik,0,2
segera baik utama bagi it pas mepet bayar pajak kendara malah susah hubung server alhasil telat bayar pajak kirain apk perintah profesional,0,1
knp susah buat login,0,1
sistem betulin dulu servernya susah bayar online konek konek,0,1
apdet lot najis,0,1
buat isi bio data lama tunggu sebentar jam jam,0,2
fungsi baik,0,1
mins bayar stnk lewat online tida rekomendasi antar alamat stnk sebut masalah akun akun masukin dokumen sk klw perifikasi yg jd masalah warga jabar tida semua punya dokumen sk masuk karna sekolah maklum jmn dulu yg akhir akun tida terperifikasi apk sering loding bagus semua yg atas baik,0,2
ganggu mulu bayat pajak gabisa terus server eror gajelas sumpah,0,1
hadeuh bayar pajak online apk lot server merespon selalu benerin atuh bintang ganti bener,0,1
login cookk,0,1
yg bagus ecek pajak jwa barat,1,5
bantu buang waktu urus stnk cukup bayar online print bukti bayar stnk online tukar samsat drive thru beres,1,5
payah daftar siapkerja muter masuk update profil sama upload isi data diri malah muter jelas akhir dipake buat lamar kerja sinkronisasi situs kait siapkerja lokerku layan adu live chat susah,0,1
sy trimakasih,1,5
bantu sedang rantau banyak penting,1,4
bayar pajak motor selalu gagal terus coba bagai cara bayar,1,4
mantap bantu sekali tinggakatkan live,1,5
meng upload foto lepas status kendara,0,1
bantu luar biasa,1,5
jawa barat istimewa,1,5
data daerah desa camat data kabupaten sukabumi camat pabuaran opsi desa baru harus desa desa pabuaran masuk data diupdate,1,5
bayar pajak ganti kaleng tahun aplikasi data diupdate suruh bayar,1,4
ambil data asli sama kaya bayar pajak biasa kurang muas,0,1
buat akun login yeuh hampura,0,1
bagus bagus buat tabung transaksi,1,5
mantaaaaaapppp pa kdm gubernur semua gampang blokir kendara cuma lewat hari beres mantaaappp,1,5
sapawarga via kirim stnk rumah jadimasi waswas warga jabar bayar,0,2
lumayan buat ngecek pajak,1,5
moga jujur manfaat,1,5
mantap lanjut dg kualitas aplikasi yg lbh bagus,1,5
segera baik menu sambara tahun lahir lahir bagaimana verifikasi klo gtu,0,1
bayar pajak motor lalu bca klaim bayar bukti uang keluar merespon sampah,0,1
informasi yg mudah akses bantu,1,5
gimana cek pajak ribet suruh previkasi gilir verifikasi wilayah gaada niat bikin apk,0,1
bantu warga jabar,1,5
tau tata cara semua buat bayar pajak motor online buat cetak dokumen skkp samsat ktp asli motor msh atas nama org jaman digital msh tengah gin nanggung kirim psti bayar biaya cetak kirim stnk yg baru,0,2
rekomendasi mudah,1,5
lama akun verifikasi data lengkap bgmn sistem pantau gk sich gk jelas keluar sendiri melulu,0,1
moga baik jabar,1,5
moga perintah jawa barat selalu amanah jalin tugas tugas,1,5
maaf gimana suruh lengkap data diri nomor telpon masuk simpan camat alamat sesuai ktp ko malah muncul beberapa camat jauh tempat coba baik aplikasi biar mudah lengkap data diri,0,2
lama lepas milik kendara ajh status udh bln ubah tahap tahap huhhfff,0,1
lengkap data ko tgl lahir paling kecil thn terus yg tahun lahir gmn,1,4
jelas baru daftar login masa maaf salah system terus apa ngadu perintah susah nauzubillah,0,1
bantu manfaat,1,4
bantu cek bayar pajak,1,5
mantap jiwa oke sekali bantu sekali,1,5
manfaat utk info pajak kendara motor,1,5
jelas bayar sini beda sama bayar langsung langsung tuh denda denda jelas malah bayar denda aneh,0,1
bagus mantaaaopo dpt akses mudah cepat,1,5
sering eror,0,2
mantap mudah bayar pajak kendara,1,5
adu domba warga dgn kuasa warga laporin jabat jabat yg dilaporin tahu handle lapor warga saran diapus krn cuma arena baku pukul tahu kan siapa yg menang siapa yg kalah,0,1
blokir kendara cukup upload ktp selfie proses cuman menit langsung lepas milik mantap sapawarga,1,5
na alus menbantu cuma tugas lapang pi ka keheleun wing mayar pajak lewat ieu lancar terus wing menta cetak ka samsat pajajaran lancar tempo menta cap nu stnk eh jawabana kang bayar pajakna lewat naon jawab lewat sapawarga tiasa ninggal ktp na jawab abi atos ngalih ka jateng aduh kang pami akang bayarna langsung ka dieu mah ku abi mah tolak pami teu aya ktpna saur tugas cap janten akang kedah bbn we mumpung nuju aya bebas bea bbn sae ku kituna mah pira cap cing ath,1,5
payah fitur buat akte lahir suka tiba balik beranda ulang kali ngisi form suka tiba tiba error,0,1
guna banyak manfaat,1,5
jelas masa buka tampil sama sekali ngehang apa,0,1
cek pajak kendara motor,1,5
guna bantu sekali,1,5
apk tololl jelas mlah bilang gk punya dara,0,1
mantab ngecek bayar pajak antisipasi jumlah yg bayar wajib pajak percaya diri pungut moga bangsa makin maju tranfaransi dinas kait yv urus paja moga yg tiadak ingin lancar maju bangun negeri insya allah indonesia makin maju aamiin aamin aamiin yaa rabbal alamin,1,5
telat update,0,1
selalu log out tiba tiba,0,1
login ampun dh,0,1
sambara mati konek server malah gabung satu kesini suruh lengkapin data dijadiin sso teknis bayar pajak kendara sulit pantes banyak yg taat pajak klo begini cerita,0,1
bantu jdi mudah bayar pajak,1,5
informasi berita bantu,1,4
rasa semua daerah punya super,1,5
hampir sempurna informatif,1,5
hari hari log out account sendiri padahal banking,0,1
teu tiasa buka apk na pak maha teh,0,1
bagus tahu jumlah pajak kendraan yg bayar info putar kabupaten bandung,1,5
bantu buat tahu pajak kendara,1,5
bantu giat makasih devp,1,5
maantaap bantu,1,5
butuh jelas yg akurat,1,5
lumayan yah,1,4
bantu cuma reservasi baru beberapa kabupaten lengkap semua kabupaten pak,1,5
oke mantap trims,1,5
jagan cuma cek pajak coba sekali cek pajak pindah nama dam mutasi cek siap kan uang ukur baik,0,1
baik cepet,1,5
mudah akses bantu,1,5
keren uji sabar eror terusss bayar pajak susah minta ampunn,1,5
ko nyari info pajak kendara keluar mulu aneh,0,1
aplikasi sering ganggu haduh update data ganggu terus,0,2
sering masalah baru bayar pajak tahun kendara bukti keluar gimana coba,0,2
bantu masarakat,1,5
tolol cuma buat login susah minta ampun,0,1
dikit dikit keluar padahal isi data tulis baik sistem dr tahun kemarin gitu terus ubah,0,1
susah akses cek kendara,0,1
baik aplikasi khusus bagi it diupgrade skillnya hadeuh lengkap biodata opsi adu warga susah sekali isi kolom tanggal lahir baik,0,1
sapawarga buka sambara buka cek data kendara,0,1
sekarang lumayan lancar kadang sendiri,1,4
nyoba bayar pajak tahun stnk nyata batal pihak sapa warga padahal uang transfer minta bantu hotline jabar gk bantu sama sekali malah saling oper kesana kesini hilang,0,1
baik moga selalu manfaat berkah beuh,1,5
busuk update data diri biar ngurus pajak kendara motor malah ngga kacau mending pakai sambara yg dulu gabung gin malah beres,0,1
masuk plat nomor,0,1
save data diri,0,1
jelek masukin data diri susah minta ampun ning cari developer yg,0,1
simpen data diri woyyyy,0,1
lengkap biodata hapus data nama stnk gk proses bantu,0,1
akun kelas perintah masukin data susah,0,1
bagus semangat,1,5
abal abal masukin data eero code terus kya development,0,1
mantap kurang pajak th masuk online klau calo calo panen raya samsat istigfar lihat praktek sesuai,1,5
gabisa update data diri isi semua gabisa simpan abis abisin anggar bikin jelek gin,0,1
bintang bicara,1,5
apk ramah nyuruh lengkap data malah putar putar,0,1
lengkap data diri,0,1
menu sabara buka minta lengkap data lengkap validasi simpan tetap data simpan menu bayar pajak kendara tunjuk,0,2
najis lengkap data,0,1
rusak isi data simpen simpen,0,1
isi lengkap data diri bolak balik aplikasi butut,0,1
ngisi profil gaa kesimpen terus padahal jaring bagus,0,2
top markotop bantu baarakallahu lakum,1,5
baik ubah data akun profil simpan ulang kali isi data profil simpan malah balik halaman ubah data terus,1,4
bagus lepas milik hampir bulan tunggu verifikasi cepat,1,4
bagus ssuai,1,5
teu lamun ngisi data diri tanggal lahir tingal ngetik tong kudu ngageser pan cangkel atuh komo nulahir taun mah terus teu kudu make alamat patok sakirana apk na keneh abal abal mah cukup ku rt rw oge sok omean apk teh da gede dana teh,0,1
mudah ecek pmbayaran pajak kendara,1,5
tolol suruh lengkap data mulu pas isi data gbsa save,0,1
isi data diri,0,1
jelas masa lengkap data diri simpan save data diri buang anggar buat simpan data orang pantes rawan retas orang benerin bug buang anggar buat apk simpen data diri,0,1
gimana ubah isi data pribadi nyimpen padahal tunjuk isi sesuai cam mana ngisi gin ada,0,1
informasi akurat ada sapa warga,1,5
apliaksi kelas perintah jelek gin kalah sama pinjol,0,1
lengkap data diri sambara ajj sulit terus an gabisa disave hari coba ttp,0,1
kaga guna lengkap data susah minta ampun,0,1
pinta lengkap data diri lengkap semua kesimpen simpen padahal isi semua sesuai isi,0,1
masuk padahal isi data diri,0,1
banyak bug,0,1
sapawarga bantu,1,5
urus pajak tahun bagus yg sklian balik nama susah sesuai arah gubernur jabar update sama ko bayar pajak tahun buat yg beli second milik pribadi laku padahal gk bsa libur kerja pake biro jasa mahal,0,2
eror laku bayar lalu qris segera baik,0,1
samsat pondok gede lucu anak bayar pajak tahun bayar pajak tahun,0,1
good info,1,5
manfaat antar muka mudah sekali paham guna,1,5
bantu cari informasi jawa barat,1,5
semenjak update masuk akun malah keluar terus gimana,0,1
baik bantu,1,5
percuma bayar cetak stnk samsat ning signal antar rumah stnk qplikasi jelas,0,1
bagus sapawargajabar temen guna buat daftar spmb link buat spmb gabisa akses sama untung pake bener bantu,1,5
akses cepat,1,4
pasang sapawarga,1,5
alhamdulilah bantu sekali,1,5
nggk daftar baik,0,1
update malah force stop sendiri bagus kemaren sblm update lancar login,0,1
bangga warga jabar punya canggih simple,1,5
bayar pajak online ntii surat stnk gmna pak kirim lalu pos apa tetep hrus ambil samsat,1,5
bantu masyarakat,1,4
so far so good,1,5
kurang maksimal tingkat kan,1,4
layan data duduk cm sumedang bandung cirebon punya sintren mati alih ikd yg ruwed banyak berkas upload buat bikin akte,0,2
apk bagus tuk lihat pajak kendara jawa barat,1,5
yg nemudahkan warga,1,5
mengapdate versi baru susah,0,1
aplikasi oke,0,1
mantap sekali,1,5
mantap bos,1,5
is good lengkap,1,5
alhamdullilah terima negeri,1,5
alus sae,1,5
sama bapak aing jabar istimewa,1,5
bagus buat tahu pajak kendaran yg siap harga pajak nyah makasih trus kembang,1,4
tampil aneh gin,0,1
aplikasi baru fitur pajak sama sekali buka,0,2
manfaat ecek pajak kendara,1,5
cukup bahus pelayannana,1,4
bantu inih,1,5
tingkat signal jaring layan,1,5
semenjak update malah log out sendiri benerin bayar pajak susah amit team it ngapain,0,1
bayar pajak kendara usaha masuk npwp usaha sesuai atas nama kendara sebut knpa npwp sesuai padahal benar tulis arah baik lancar pajak negara,1,4
ribet susah,0,1
sebut cuman buat buang buang anggar fungsi,0,1
sush daftar bikin password ribet udh huruf kapital jg ttp gk bs,0,2
reno gk buka solusi semua reno cuma blank hitam,1,5
easy to use,1,5
maju jabar siap dukung,1,5
nge lag parah,0,1
susah banyak masalah sulit upload berkas anak sekolah,0,1
sptjm tida unduh,1,4
malah gabungin sama terima sekolah mana sering eror kocak daftar masuk sekolah harus pisah malah gabungin sama pajak kendara ribet jabar,0,1
bikin akun sapawarga aplikasi selalu henti kerja padahal memori perangkat penuh jaring cukup pada baik bug sebut,0,2
gilir reseevasi pajak tahun samsat yg cimahi doank cibinong gun apk,0,1
walaupun loading mantap,1,5
apk lot,1,5
paham sepenuh dgn apl,1,4
lambat buka cek pajak buka,0,1
mah sapa warga sampah warga,0,1
bantu utama byr pajak kendara,1,5
ah aplikasi gmn eror mulu baik dri kemarin daftar online sistem baik,0,1
guna memang banyak lag jelas jelas jaring bagus malah delay gagal unduh trus log out terus padahal mencet log out baik bug sana,0,1
cacat ni error mulu kerja,0,1
jelek daftar spmb smk nga buka,0,1
loading mulu minggu,0,1
eror loding mulu,1,5
bayar pajak knp minggu biasa bayar online sampe telat pajak,1,4
eror mulu butut,0,1
mudah tp sering ganguan,1,5
baik cek pajak loading lama kaya apa belah,0,1
eror terus cek kendara,0,1
tulis periksa koneksi internet terus muncul update baru padahal koneksi internet masalah ganggu,0,1
download surat nyata tangung jawab mutlak jam pagi jam siang download padahal jaring bagus handphone banyak memori pakai,0,1
gebleg upload foto ajh susah,0,1
apk sulit anak masuk sekolah mudah,0,1
knp daftar siswa baru jalur domisili error terus daftar pesan errornya rapor isi padahal isi lengkap semua data masuk upload berkas file,0,1
assalamualaikum bapak aing apk na ngelag kaya otak barudak gen euy maha ade urang rek daftar sakola na bapak hadeuh,0,2
bayar pajak online cuma tetep ngambil stnk baru samsat yaa sama mana digabungin sama offline malah lama online fotocopy dulu eskkp pagi sampe jam beres,0,1
gajelas loading mulu gua daftar smk loading terus gajelas niat bikin gausah bikin gajelas,0,1
pas login force close mulu,0,1
susah login error terus,0,1
oke mantaaap,1,5
susah login spmb apk biasa apk perintah,0,1
versi baru jd lot,1,4
banyak bug pilih kota identitas diri terus isi eh malah ubah,0,1
kacau masuk lapor kdm,0,1
lot selalu baik,0,1
byar pajak aplikasi malah lag hadeuh,0,1
lengkap profil pribadi nama camat kurang lengkap sedia baik,1,4
blokir kendara ko pas bagi ambil poto langsung keluar,0,1
sejak gabung dgn fitur malah susah utk cek pajak baik tunggal sambara kecewa,0,1
susah muat terus,0,1
mudah perlu warga provinsi jawa barat,1,5
cek pajak kendara loading terusss,0,1
hari juni bayar pajak mobil yg jatuh tempo aplikasi cuma loading masuk akun jam malam tetap lewat tanggal kena denda ikhlas,0,1
bayar pajak kendara aplokasi tanda cap stempel dr samsat bagaimana,1,4
moga bantu,1,5
perintah paling bagus sisi ui ux fungsi lumayan beberapa kali bayar pajak lancar,1,4
rusak notif banyak gilir pake muterrr muter doang loading lamaa,0,2
susah bayar virtual ganggu terus,0,1
buruk server down mulu,0,1
assalaamu alaikum punten pa abdi bade tumaros abdi bade bayar pajak sapa warga eta pami te cetak kesah na samsat teu sawios ukur nganggo qr bukti bayar wungkul sah teu pami aya razia jalan haturnuhun infona margi kaleresan abdi nuju damel luar provinsi haturnuhun,1,5
apk mudah guna baru knapa buka,1,5
knp aplikasi ko sedang watan,0,1
bayar pajak loading terus,0,1
bagus bantu informatif,1,5
jelek apknya,0,1
pedut knapa loading mulu dr kpn tau,0,2
ribet kode kadang akses kadang engga,0,1
sekarang tiap ngecek pajak bayar bayar pajak susah masuk kayak dulu cepet,0,2
busuk buat perintah kagak mampu beli server yg cepet lama loading,0,1
log in tiba tiba keluar sendiri,0,1
moga lancar,1,4
menu bayar pajak kendara orang bagaimana,0,2
baru pagi diinstal hbis dzuhur minta updet aneeeh,0,1
fiturnya bayar indo alfa pas bayar nyata,0,1
kata butuh survey warga tanya yg sifat saran tp error aplikasi padahal tulis benar pakai huruf tanda baca yg tp tetap merah kirim survey jcc,0,1
segera baik bayar pajak motor mind,1,4
dar masuk alami jadi account login email rentas otomatis login buat account baru no tlp sdh masukin soal sdh daftar usul login cuma pintu pakai email ngk pk nik no hp otp flexible kasus yg login yg alami moga depan acu nik otp no hp mudah login,0,1
update bukan makin bagus malah makin jelek,0,1
gimana bayar pajak nominal berapa klik bayar pajak gabisa gimana ampuun niat bayar ribet solusi,0,1
ngecek info pajak kendara orang akurat merek yamaha malah honda tahun eh malah tahun,1,4
kerenn mantap aplikasi,1,5
bayar pajak kendara,0,1
perintah bayar susah nunggu gambar jam pasir mulu pantes pungli banyak sengaja bikin bapuk kek gin,0,1
bayar pajak mudah,1,5
yg bager email verifikasi kirim,1,4
download yg dua kali masuk blokir motor yg jual tetap bikin esmosi samsat induk blokir,0,1
sistem selalu ganggu kunjung selesai maintenancenya,0,1
bantu aplikasi buat bayar kendara klik bayar kendara respon,1,4
aplikasi baharu bikin ringan soal lama pas buk awal aplikasi,1,4
lmot kurang satset bnyak gagal server trus,1,4
lot parah server sibuk terus kelas pemprov jabar padahal lemottt bufering terus,0,1
msh bnyk kekuranganx isi data diri,0,1
mula bantu,1,5
apaaan susah pake becus ni yg bikin apk,0,1
tinggal bandar lampung pake ikut mutih,1,5
jelas cek pajak kendara motor baik,0,1
bagus fitur tabung pajak kendara laku bayar ekses saldo tabung sendiri,1,5
blok kendara hasil sapawarga,1,5
bantu sekali top,1,5
bagus bngt bantu warga indonesia yng tsinya byar stnk kntor ngntri lama panjang skrng mh hp,1,5
biar bintang bicara,1,5
no comment tetap tingkat layan online jabar baik gubernur top,1,5
kocak ngisi data tanggal lahir yg tera cuma lahir tahun bawah tahun gaada gimana ngisi data coba,1,4
ada bantu bayar pajak motor karna signal sering ganggu sulit,1,4
jaring lambat,0,2
bantu blokir kendara jadi mudah,1,5
bagus sngat mmbntu info,1,5
bagus tahu cara bayar jumlah pajak yg bayar,1,5
kurir pos gojek grab atau sameday ttep suruh dateng padahal bayar pajak sempak negara konoha,0,1
bayar pajak kendara online gimana gada tunjuk aneh,0,1
lurah banjar lengkap data alamat kota banjar,1,4
god job,1,5
lowong kerja hubung juara muter trus bsa,1,4
aneh negara sistem serba canggih ko bayar pajak tetep samsat kan ufah mudah bayat fan antri inti cuan keluar banyak,0,1
sngt mmbntu warga trimksh bp gub jbr,1,5
kereennnnnnnn informasi gampang paham mudah,1,5
cara pasu daftar kendara pribadi bagaimana,1,5
mantap moga manfaat,1,5
bagus baik,1,5
ngebantu good job,1,5
sarana beri mudah urus,1,5
masukin semua data terus masukin nomor kendara ehhhh gk sesuai yg tera sama yg realita,0,1
daftar cari kerja sedang baik liat loker pending,0,1
sy sdh laku pajak motor lalu sapawarga kl sy print out stnk apa dokumen yg hrs bawa kantor samsat,1,5
bantu sekali mamtaaaap,1,5
bantu kece segala tera aplikasi,1,4
susah masukin data buat lepas milik hadeh,1,4
ngecek pajak skrng susah loding dulu apa ganggu jaring,1,5
mantap sapawarga bantu ecek kendara jabar,1,5
bagus mudah guna moga data aman,1,5
bagus mudah proses,1,4
luar biasa,1,5
cek fisik rb balik nama bpkb sama bayar full yg stnk an mantap motor tahun hidup makas bapakaing,1,5
nyoba menu lepas milik gagal upload terus,0,1
bayar pajak mobil via sambara dpt nomor va gagal transaksi beda bank pdhl akun baca via alfamart dpt kode bayar tpi alfamartnya si kasir tau temu apa yg pakai pdhl sy tunjuk smuanya lengkap salah,1,4
aplikasi asa berat jam cuma bleng hitam,0,2
download apk daftar error buka,0,2
ko eror terus blank trs tampil,0,1
akses malah layar hitam keluar menu sama sekali,1,5
bagaiman klo stnk ilang perlu pakai surat ket polisi,1,5
sae pis,1,5
bayar pajak mobil metode bayar kode gagal terus muncul notif salah sistem gimana,0,1
cuma saran program jabar tingkat sekolah data yg lulus ajak kerjasama pt ataw kantor siswa yg lulus mudah dapat kerja,1,5
heran ko apk akurat cek biaya bayar pajak sekian tpi samsat jdi beda,0,1
semua layan metode bayar cut off semua sia sia download apl alhasil samsat sebenernya yg buat apl ni niat apa kagak,0,1
coba hapus apk trus download tetap error,0,2
assalamualaikum punten pa bade daftar teu gagal verifikasi telpon wae padahal telponna aktip,0,2
kakkkk maaf bangettt ini koo punya cuma ngeblank item ajaa yaaa knppp yaaa,0,1
cpt dlm ecek pajak,1,5
banyak manfaat,1,5
buat bayar pajak pilih untun menu guna cuma pajang,0,1
mudah yg kurang menu blokir stnk yg kendara hilang,1,4
bantu pis euy hatur nuhun,1,5
susah buka,1,5
layan reservasi pajak tahun guna tentu lokasi samsat,1,5
aplikasi memang baik tahu pajak kendara transparansi tidak itu tau berapa pajak kendara yg milik,0,1
bantu sekali proses cepatdan puas sekali,1,5
download buka aplikasi,0,1
buka sapawarga,0,1
harus ganti kaleng kirim via pos,1,5
cek pajak kendara grtiskan yah area cibinong nunggak th tp malah makin besar januari cek rb sekarang malah rbn tanggal habis pajak juni kendara,1,5
coba dulu,1,4
bayar via malah sulit samasat ngeprint bukti bayar segala gampang yg langsung bayar sdmnya siap,0,1
bagus batu,1,5
gimana lepas milik kendara malah kirim gambar aneh perintah selalu begini herann,0,1
nyesel bayar lewat sama lama proses samsatnya,0,1
slow respon udh hampir minggu blokir stnk stak tahap tlong baik sistem monitoringnya fungsi buat apa responnya lambat masuk si,0,1
motor beat esaf laku jual alhamdulillah sukses lepas milik kendara sat set sapawarga kini tinggal tunggu stnk plat si ujang gear ultima hybird silver,1,5
baru tau nyata buat cek pajak kasih ringan sama kdm langsung download kendara langsung terpangpang apa benar hapus denda nyata lengkap yaa moga data bocor terus jaga privasi sapawarga jangan eror eror makasih sukses terussss,1,5
layan bagus,1,5
lumayan bantu klw lowong kerja jelas kan syarat,1,4
kendara ko cek sini janggal stnk tera milik milik,0,1
gabisa buka pas masuk gambar selalu blank hitam,0,1
bagus cepat prosesny,1,5
banyak pungli samsat maupun samdes stnk tagih tagih sama tugas tanyain buat apa pak jawab buat ganti plastik stnk pernah ganti plat nomer mintain buat kerik mesin buat validasi ambil plat nomer minta bukti pembayaranya bilang ikhlas ngga mas pantesan males bayar pajak nyata eh nyata yg mudah malah sering error haduhh konoha konoha,0,1
layan kenceng mantap ter bantu mksh,1,5
kurang lengkap,0,1
suka bantu,1,5
bagus sesuai ingin,1,5
bayar sapawarga kertas pajak enggak kirim lalu kantor pos misal kaya signal polri kantor samsatnya tunjuk bukti bayar pajak tinggal buat kertas pajak pak bu bantu jawab,1,5
habis update malah buka aplikasi,0,1
mutasi kena biaya,1,5
knpa bs buka aplikasi blank hitam semua,1,4
maaf warga jabar nanya betul stnk hilang bayar pajak sekaligus tak stnk baru brapa biaya bagaimana prosedur atas informasi hatur moga jabar maju kadi contoh provinsi aamiin,1,5
ngantrinya oper oper terus bagus jangan sulit ngantrinya kyak ngantri bansos padahalmh bayar pajak hadeuuuhh,0,2
baru kali rasa pimpin kang dedi mndo moga kang dedi depan jadi ri amiiinnn,1,5
maaf tanya jumlah nominal tera potong program diskon bayar pajak mkasih seblum nhun,1,5
thr lebaran kdm apk buka,0,1
aplikasi buka,0,1
baru download hendak ngebuka tanya berapa puas thd apl sapawarga,0,2
bayar pajak tahun online mutih jabar soal antri banyak offline,1,5
mntaap akurat,1,5
bapuk bayar pajak virtual account bayar trus anggap bayar jd munculin bayar,0,1
maaf bayar pajak kendara tahun outlet samsat sesuai domisili satu provinsi,1,4
data nik sesuai pusing nik ktp milik motor,0,2
bantu bagus masarakat gampang tahu tingkat lgh masarakat taat pajak mudah,1,5
bintang moga depan jadi baik penuh manfaat,1,5
aplikasi buka yah,0,1
apk tolol masa bayar pajak keluar bukti bayar skkp,0,1
langsung bayar lalu apa tetap samsat,1,5
ngeblank pakai masuk layar blank warna hitam,0,1
bantu sekali banyak,1,5
selalu bug pas buka,0,1
donlod sapawarga,0,1
proses cepat kendala,1,5
bagi bang sampah bingung apa arti plastik pet plastik ldpe plastik hdpe harap ganti jadi nama produk misal botol aqua botol marjan botol le mineral lain buat bingung orang tau arti singkat harap masuk bantu jadi baik guna warga jawa barat sekian,0,2
login akun lama clear cache data sama pdhl udh pernah bayar pajak tahun lalu bayar pajak tahun aplikasi login pake fitur lupa password selalu tulis link guna link muncul email pas klik error muncul minta bantu solusi,0,1
ni tilang etle lgsg blokir,0,2
lepas milik kendara sapawarga bulan proses kaya memang samsat langsung samsat pasu biaya lepas milik kendara lalu kan gratis samsat ogah urus gratis an inti guna sesuai mitos apa serba uang mantap pokok,0,1
lepas kendara lama proses hari proses bagaimana tunggu bantu,1,5
klik malah blank hitam reno android uninstall terus install tetap blank hitam bayar sulit,0,1
knpa buka,0,1
bayar pajak tp sdh blokir jd cabut berkas utk mutasi apa kendara hadir krn tahun,0,2
nyata ribet bikin pasword paswordnya beda bakal lupa sama dgn lottemart point bikin pasword ribet uninstall dehh,0,1
blank hitam lihat,0,1
dulu cek pajak kendara lewat apk sambara sekarang tinggal cek langsung sini wah banyak fitur komplit sambara,1,5
bagus fitur sambara,0,2
bayar cepat mudah sayang sulit masuk,1,4
bagus bantu ringan mudah akses,1,5
sapawarga hp tuh keluar gambar alias ngeblank hitam masuk,0,1
bantu samsat trima,1,5
versi android suport beberapa kali login,1,5
bagus klu cek pajak kendara lbh cepat good good,1,5
belum cek pajak kendara sapawarga tali sekarang gabisa teepasang buka ngblank gaada tamlilan menu,1,4
mudah cek pajak kendara,1,5
sering error kedap kedip,0,1
hebat euyyy moga warga jabar gerak segera urus pajak kendara yg lambat,1,5
apk error terus pas buka,0,1
bantu sapawarga buka sama sekali coba uninstall terus install tetep buka malah blank hitam,0,2
manttap gubernur aing tea,1,5
tp mas bsa download susah masuk,1,5
baru instal aplksi buka susah,0,2
bayar pajak pas pilih samsat tuju,0,1
lumayan bantu apk,1,5
anggar sakitu badag na ngan eror jeng eror weeee hayoooh,0,2
niat bayar pajak biar mudah mudik biar tinggal cap aplikasi malah gk buka terus yg sama,0,2
sekarang sapawarga bagus lot mantap,1,5
apk ganggu yaa buka,1,4
tipi antena ni males,0,2
enak yg dulu aplikasi sambara sekarang ngeleg terus hp butut,0,2
ngeblank buka,0,1
bayar pajak lewat daftar akun tp daftar akun ganggu terus,1,5
bintang satu dulu error buka download pak pemprov jabar baik sistem bayar pajak lewat,0,1
gimana cara daptarin masa no hp invalit trus gagal trus situ padahal no hp aktip hampir tahun pake,0,1
bayar pajak kendara mudah info lowong kerja sedikit suka nge lag baik,1,5
buka aplikasi blank item terus tiap masuk hemm,0,2
bayar pajak via sapawarga online tetap cetak kantor trus buat apa sapawarga bayar pajak tetap kantor tau gitu langsung depan bayar pajak online berkas kirim alamat kaya apk signal,0,1
eror buka,0,2
bantu ada saptawarga,1,5
basis online mas datang samsat mah sama boong antri antri guna bayar online kan biar antri ribet effisien waktu mana ribet foto copy segala ktp padahal bayar onlien harus bayar onlien stnk kirim rumah pake pos kurir apa biar beneran onlien ngeribetin,0,1
buka apk sapawarga layar warna hitam trus udh divalus download ttp hitam,0,1
susah masuk serba ribet bayar pajak,0,1
mantap tingkat,1,5
program mutih kang dedi mulyadi bulan juni kang,1,4
gk pake gk buka,0,1
kemarin bayar pajak mumpung mutih besar uang sekarang jd naik besar mana yg benar,1,4
sampurasun engga buka apk,1,5
niat hati bayar pajak sulit pasti nik benar sesuai surat motor eh malah pemberitahuan nik sesuai sesuai kepala lu jelas sampah apa sengaja sistem online mudah masyarakat selalu lumpuh buat lumpuh apa tutup pungli buat kering lahan basah kalian polisi masyarakat buat bingung ngaduin polisi polisi mana,0,1
bagus apk lengmap top markotop dah,1,5
alhamdulillah hadir sapawarga benar benar bantu bayar pkb perlu ngantri benar benar bukti sendiri pemrov jabar khusus bapenda bpk gubernur jabar kdm,1,5
apliaksi buka,0,2
lepas milik verifikasi dgn cepat,1,5
download buka item doang parah,0,1
punten aplikasina cacat kieu,0,1
barusan cek pajak kendara motor penasaran heboh hadiah lebaran kdm nyata benar pajak motor cuma rb an padahal nunggak tahun masalah ekonomi eh malah curhat dgn ada program masyarakat antusias bayar pajak kendara ringan kdm bapenda jabar,1,5
makin bagus,1,5
ganggu apa gimna gk buka,0,1
aplikasi bagus,1,5
mane update berita portal berita masa beritane tahun mane beritane kang dedi mulyadi booos apk terus udpate apknya lag,1,4
apk apa kena provinsi papua barat daya,0,1
mudah laku bayar online baik kl kirim hardprint stnknya jabar,1,5
playananya lama,0,1
bayar pajak tp pakai nik milik pertama kan dah atur baru klo nga pakai ktp klo bayar online kan menguragi antri baru,0,2
jangan lama baik cek pajak kendara mutih,1,5
asa punya motor tulis milik kendara,0,2
mantap urus pajak mudah moga depan urus bpjs sppt dokumen duduk slik ojk,1,5
sapaearga guna,0,1
jelas banyak ganggu,0,1
blokir stnk milik istri pakai akun kan kk,1,5
yg oke bang getttttt,1,5
info cepat akurat,1,5
baik server makasih kdm jawa barat istimewa,1,5
respon cepat jawab tanya,1,5
bagus alhamdulillah bayar pajak kendara online pergi samsat,1,5
suka apl mantap tida ribet,1,5
tanya motor pajak mati tahun terus pingin balik nama cara gimana tinggal subang jawa barat semua gratis,1,5
baru download layar hp hitam,0,1
moga bagus terus,1,5
berat bnget buka apa pas masuk,0,1
salam cianjur bayar pajak balik nama dulu lewat,1,5
bantu laku bayar pajak,1,5
cek ko mio bayar an kata bayar yg doang kaya viral indramayu euy,0,1
naha mentok logo doang buka,1,5
yg bagus manfaat buat orang banyak buat maksiat,1,5
verifikasi lama beberapa kali tetep email verifikasi,0,2
bayar pajak resmi nanya dulu balas,1,5
tadi pagi bayar pajak via bayar tagih yg bayar pajak tahun bukan pajak tahun bawah putih harus pajak yg bayar tahun kan sesuai surat edar gubernur jabar,0,1
bismilah mudah mudah akurat,1,5
syukur jabar makin maju,1,5
pak gub kdm,1,5
verifikasi akun lewat email,0,1
akses terang server sibuk terus udh minggu instal nymp sekarang blm buka,0,1
alhamdulillah cepat gampang,1,5
suka sapawarga,1,5
minta info kawan tunggak pajak kendara atas nama pt hapus soal beli mobil bekas pt karna murah nama pt blom balik nama karna uang sulit mati lama tahun hapus tolong dinfonya,1,5
punya bleng hitam buka jelas yg install inj,1,5
gabisa buka,0,1
apa bayar pajak pake sekali balik nama,1,4
bayar pajak kendara mudah simple transparan no pungli saran tambah menu buat panjang sim buat sim baru,1,5
alhamdulillah layan mantap smoga mudah segala,1,5
hitung pajak kendara kgk bener baik,0,2
informasi benar mana cek bayar rb sapawarga samsat bandung timur rb terupdate mana,0,1
layan yg baik,1,5
bayar pajak masa klik kendara selalu sistem baik sampe sekarang mulu adu tanggap sama sekali gim bantu,0,1
aplikasi buka malah nge blank,0,1
buka blank gelap re instal sama,0,1
good luck,1,5
semenjak mutih sapawarga buka teh,0,1
download buka eror,0,1
kemaren blank putih terus aplikasi baik,0,1
buka sama sekali hp oppo reno tampil cuma blank hitam,0,1
alhamdulillah sekarang bayar pajak gampang sekali serasa belanja on line shoope hehe sampe menit selesai kereeeen,1,5
manfaat moga awat selalu,1,5
knpa klo buka suka normal gerak,1,5
semenjak kdm gubernur semua mulai baik mantep kerja nyata,1,5
susah buat masuk eror sistem sedang masalah,0,1
nyy eror melulu,0,2
daptarin ribet susah masuk masa negara kalah sama abal,0,1
masuk susah bug ilangin,0,1
bagus aplikasi memudahakan panjang pajak,1,5
west java is the best,1,5
lepas milik kendara lewat perlu samsat,1,5
hati hati instal gk tlfn tipu abis instal menit tlfn tipu masuk,0,1
aplikasi ngga akses pas buka cuma blank,0,1
bantu bangat,1,5
lot akses sma fitur lupa password link pulih email kirim,0,1
aplikasi berat pis sampee buka profil muter terus,0,2
buka aplikasi macam apa rugi download,0,1
kocak gabisa login,0,1
jelek bnget masuk,0,1
gk buka apk,0,1
nuhun kang dedi,1,5
beneran bayar pajak cicil,1,5
aplikasinta bikin akun trs verifikasi aplikasi malah kedap kedip gajelas gabisa pencet semua tbtb layar hitam uda unistal terus download tetep kaya gitu padahal cek bayar pajak,0,1
proses dr td login apa ganggu daftar cek pajak,1,4
assalamualaikum kang buka kang kemarin,1,5
susah login daftar bkn mudah malah ribet daftar sampe susah dperbaiki afk,0,1
baru masuk daftr susah server merespon terus,0,1
buat akun sulit server selalu merespon baik,0,2
nikin akun susah server merospon terus,0,1
coba download apk susah buat log in alas resfon pake akun google resfon coba daftar pake kartu identitas alamat jelas resfon coba hubung kontak sapawarga kena tanya adu informasi nnti resfon sampe menit nunggu wa masuk sama sekali baik baik,0,2
spawarga sya ko buka stiap klik tampil hit menu,1,5
susah login,0,1
knp cape ketik data pas klik simpan data bs,0,1
lumayan bantu,1,5
server error susah bngt login muter mulu koneksi bagus padahal lancar,0,2
susah buat daftar akun server respon terus niat si buat apk,0,1
daftar sulit server eror mulu jangka waktu pembayaranya hadehhhhhhhhh sulit sulit,0,2
gimana apk susah masuk suruh baca janji tuju centang buat tuju terus suruh baca bolak balik baca kayak novel sambung contoh apk bank mobil yg simple aman ngabisin kuota,0,1
server eror payah,0,2
niat bikin daftar ribet mas koneksi server hadeuh,0,1
susah daftar,0,1
daftar kata server merespon,0,1
lelet daftar,0,1
well wargi,1,5
beberapa kali gagal terus daftar muter terus gajalan,0,1
buat akun server temu terus baik masyarakat mudah bayar pajak,0,1
ampas server tanggap mulu padahal wifi bagus sinyal hp bagus buka buat daftar akun gabisa,0,1
ko aplikasi daftar selalu server merespon bantu warga jabar ngerasain,0,1
gbisa registrasi server nge down mulu kya orang banyak pikir,0,1
pas daftar akun malah server no respon rada susah,0,2
perintah haduhh selalu anehh gagal login ngebug tampil basic alamin gagal login selalu muter doang ntah ngapa dah menit ngotak ngatik terus kek gtu,0,1
susah buat bikin akun login,0,1
susah registrasi server lot,0,1
buat akun masuk sama sekali loading terus,0,2
apa apk masalah coba beberapa kali daftar serper tida tanggap,0,1
aplikasi lambat,0,1
sapawarga sambara siap terima animo masyarakat bayar pajak tgl maret server down bayar pajak hambat,1,4
apa login padshal bayar pajak gratis payah,0,1
server merespon,0,1
sistem error terus daftar bantu,1,5
gk buka semenjak baru kecewa,0,1
kelola server buruk,0,1
sering masalah,0,1
apk buka padahal coba uninstall trus donlot tetep buka,0,2
apa teu jelas teu asup aing,0,1
log in susah bener,0,1
daftar akun gabisa aneh,0,1
susahh buat masuk baik servernya,0,2
apa betul ktp milik pertama bayar pajak,1,5
makin lengkap fiturnya jawa barat keren,1,5
gilir buka kekerenyedan geningan na oge duh,0,1
server merespon terus,0,1
lengkap alamat kata situ sama ktp ngga tuh pilih,0,2
pas daftar akun gagal terus server,0,2
gmn daftar server merespon trus,0,1
sejak download masuk laporanya server tanggap bintang dulu ntr udh masuk baru bintang,0,1
cirikhas perintah selalu error login server lot hebat sekali terus buat baru problem dibenerin,0,1
kelola mahasiswa magang,0,1
selalu kendala banyak guna punya perintah indonesia masalah hambat,0,1
daftar server merespon bikin apk yg bener,0,1
server merespon terus susah login hadeuh,0,1
daftar gabisa tulis server merespon,0,1
daftar ko susah close terus,0,1
parahtidak buka,0,1
susah masuk ih padahal data benar,0,1
biaya buat apk ginian brpe gede mending buat beli bakso se jawa barat kenyang tuh useles government,0,1
susah buat masuk pdhl isi data dgn benar baik,0,2
susah akses masuknyq,1,4
sapa gejul geus log in sok log out ku sorang,0,1
baik jangan lama lama penasaran cek pajak motor kata program mutih kdm semua biaya pajak bayar belakang,1,5
gimana bikin akun,0,1
cek bayar pajak mutih apk baik huh,1,4
masuk akun gagal terus,0,1
yeh apk bosok dftr ae server respon mulu,0,1
proses daftar server merespon terus,0,1
daftar akun ampun dah pakai akun google ngisi data diri serper respon biasa perintah susah akses pusing niat bayar pajak biar ribet malah jelek aplikasi gk masuk,0,1
lepas milik malah error terus gimanasih bukan makin canggih malah makin bobrok kecewa,0,1
perintah lot lag gk buka sama sekali sdm it kalah sama pribadi swasta,0,1
niat cek pajak download ni malah erorr terus ampun dah butuh berapa duit buat ni lancar apa kurang kantong,0,1
bapenda jabar samsat cibinong dwkotabogor bapendakotabogor pa dedimulyadi tanya uruus pajak mutih sesuai atur gubenur kendaran brmotor mati thn bayar lwt sapawarga onliine plat nopol kabupaten bogor bayar samsat kotamadya bogor,0,1
baik mulu,0,1
kait hapus pajak nunggak belakang mekanisme bagaimana,1,5
update malah digunain,0,1
padahal sinyal bagus online selalu error koneksi internet kocak kocak,0,1
beli motor second jngn harap pake apk tetap samsat nembak ktp milik pertama,0,1
bagus bantu cuman buka,1,5
download buka hp malah blackscreen terus yah,0,1
buka yah,0,1
susah boss usaha beli kendara bekas beli sama ktp milik biar urus pajak gk bayar polisi ktp asli anehh kan,0,1
daftar eh tulis maaf jadi salah sistem terus aneh,0,2
mantap lepas milik lewat apk bantu sekali,1,5
knp hp oppo reno buka blank hitam,1,5
apk jabar aing mantap moga tambah fitur catat sipil ubah data duduk,1,5
spil dapat hasil kumpul tambah informasi uang masuk keluar ikut rinciannya tau berapa kaya jawa barat,1,5
yg luar biasa hasil blokir stnk mtor lama ku jual perlu datang samsat cukup online lewat sapawarga,1,5
fitur samsat yg kata bpk gubernur nabung buat pkb,1,5
menu lepas kepemilikian upload gambar ktp upload selfie ktp mhn baik,0,1
bangga duduk jawa barat mudah bayar pajak online tinggal samsat buat baharu stnk,1,5
aplikasi bagus lengkap boleh beri saran masuk saran bayar pajak kendara motor pajak tahun bayar bayar lalu bayar lunas milik kendara perlu pergi samsat bawa dokumen perlu serta bukti bayar kendara laku cek fisik kemudian tinggal ambil tnkb stnk baru terbit perlu transaksi bayar,1,4
orang semua tugas samsat jangan sulit cetak stnknya sadar warga bayar pajak sulit jd malas bayar pajak warga,1,5
tanya kak bayar pajak motor ktp milik kendara no nik milik gimana,1,5
layar blank terus,0,1
batu sekali,1,4
bayar pajak susah nyari ktp milik pertama gilir bayar salah,0,1
buka buruk,0,1
gagus banyak log out sendiri,1,4
repot bilang online tetap bawa bukti fisik datang kantor,0,1
menu lepas tp guna klo blm siap jgn dulu tampil,0,1
buka tampak layar hitam gimana,0,2
pas bayar samsat emang beda,0,1
hbs upgrade malah pake knp apa bayar pajak online,0,1
alhamdulillah menu lepas milik kendara porses yah aju,1,5
aplikasi manfaat warga jawa barat akses data bayar pajak,1,5
sistem payah apk,0,1
download ah banyak komplen,0,1
msempermudah cek bayar pajak,1,4
alhamdulillah mudah makin mudah,1,5
mantap lancar na banding sambara,1,5
woiiii apalikasi berat sering crasss sederhana isi konten dalam biar lancar,0,2
handphone gua gk buka yh ngebleng hitam gitu yh,0,1
sukses selalu,1,5
warga jabar mah wajib boga,1,5
sampurasun lur punteun yeuh ieu aplikasina teu tiasa dianggo kalah error cap kicep jiga disco bade joget teh emut nuju shaum puntennya supados enggal lereskeun deui ieu nitip bentangna hiji heula pami sae deui aplikasina dipasihan lagu bentang manglayang ti yayan jatnika,0,1
mudah sekali terimakasii,1,5
blank hitam buka,0,2
update ko malah cek kendara,0,1
mantap makin mudah bayar pajak kendara perlu cibinong jauh tenjo,1,5
buat warga jabar manfaat,1,5
kali bintang menu menu pajak kendara sedia masuk lepas milik mantabbb,1,5
sapa warga bagus,1,5
mudah an akses,1,5
aplikasi perlu kembang,1,4
mantap moga amanah,1,5
fitur lepas milik,1,5
nunggu verifikasi lewat email lama minta ampun,0,1
bayar online suruh samsat dekat stempel terus ngapain bayar online ujung suruh samsat dekat,0,1
batu bbanget,1,5
skarang opsen bayar berat bagibyang byar pajak,1,4
fitur blokir hilang,1,4
alhamdulillah barusan ana bayar pajak mobil pakai aplilasi nyata beneran bukti bayar mumcul file pdf eskkp stnk baru gitu,1,5
kadang suka lot top,1,5
maaf tanya sy bayar pajak onlen ktp nempel apa pas kesah stnk masalah,1,4
mantap bagus,1,5
mana fitur lepas kendara jangan jawab hotline jabar digital service baik aplikasi,0,1
fitur lepas milik kendara kemarin perbaikam entah berapa lama sekarang malah hilang fiturnya wkwkwkwkw parah parah,0,1
download tuju blokir kendara lihat tutor youtube tp download nyata fitur blokir kendara maha iye,0,1
opsi lepas kendara sedia aplikasi alternatif yg online info segera baca kolom komentar tanggap tanya tanya sampurasun,0,1
situs resmi perintah sekali update combo maintenance tahun tahun kaya hadeuhhh padahal programer it indonesia jago jago harus segera mungkin benah,0,1
fitur blokir stnk lepas milik kendara sekarang apa apa sekarang datang samsat blokir stnk,1,4
udh sya edit ulas smoga lancar trus aplikasinyaaa kmren kesel sempet eror susah bayar pajak,1,5
mantap kritik responnya cepat moga depan sapawarga baik jadi yg manfaat penting warga jabar,1,5
login pake fitur lupa password,0,1
fitur lepas milik kendara,1,4
fitur lepas kendara sekarang,0,1
lepas milik kendara sekarang padahal kemarin maintenance,0,1
aneh nungguin menu blokir kendara kata baik eh skrg malah da hilang menu kelas provinsi bikin gin,0,1
simple mundak masalah pajak kendara,1,5
yaa blokir milik motor tpi karna eror sekarang blokir stnk cari jdi sihh,0,1
sekarang blokir kendara yg hilang,0,2
buruk karna fitur hapus blokir kendara versi belum,0,1
masalah bagi lepas kendara motor sisitemnya akses dwngan alas sedang baik update nyata menu lepas kendara tiada kira update fiturnya upgrade nyata downgrade,0,1
daftar tpi log in malah ngga,0,1
senang update tp malah kecewa liat menu lepas milik hilang entah batu kendara jual blokir takut jadi ingin,0,1
bantu bagus sekali,1,4
camat bojong gede kab bogor kembali bayar pajak jgn dimasukin depok samsat kabupaten bogor deket dr rumah bayar pajak kedepok kaya orang bego,0,1
ciri khas situs yg kembang perintah klo urus sama layan pajak males pake,0,1
ampun pak haji na lot pis,0,1
anggar doang gede server busuk ampas,0,1
sesal downlod masa baik lepas milik dah bulan bulan tunggu tetap bom maaf pak admind otewe hapus soal,0,1
lepas kendara bulan bulan akses,0,1
guna layar hitam crash,0,1
lepas milik maintenance gimana si,0,1
auto uninstal manfaat,0,2
sistem lepas milik kendara selalu yaaa padahal sblm thn masalah loh skrg masalah begini sistem baik mudah masyarakat jangan sulit sistem baik jangan cuma diliatin jadi perhati semua masyarakat,0,1
bagus manfaat butuh pelihara komitmen program jemput bola apbd jabar amanah kembang aplikasi sinergi aparat operasional cetak stnk sulit mudah masyarakat kembang teknologi salam jabarjuara,1,5
ko bayar pajak motor si,0,1
bagus bagus,1,5
belum kendala sekarang cek pajak kendara malah terang nunggak pajak padahal bayar pajak terus jumlah ngaco sesuai perinci baik gimana bayar pajak sulit masyarakat malas cara,0,1
manfaat buat warga jabar,1,5
cepat baik layan yg lepas milik kendara,1,4
sdh gk guna,0,1
buat tujuanya biar apa heran playstore masak maintenance ampe sekarang buka padahal awal bantu buka yg nama upragrade baik hbis upgrade mlh pakai kocak emang,0,1
kurang akurat baik lama beres beres kembang apa engga aplikasi engga hapus playstore,0,1
masa scrol tampil ubah,0,2
buka payah,0,1
sapawarga paraaaaahhhh buka,0,1
barusan bayar via sapa warga ngambil stnk techno masya allah ribet padahal skpp diliatin bukti lunas dimintain bukti bayar bank habis kasih bilang nomor transaksi gag cek gag terus ujug manggil kata sdh alas bayar pending padahal dh bayar hari belum terus fungsi mudah klo lapang bikin sulit,0,1
coba baik pajak jual beli motor ken,1,5
bagus utk warga jabar,1,5
gimna ko apk pakai,0,1
hi lama sekali utk fitur lepas milik msh baik pdhal sgt bantu sekali krn keterbatsan wkt tempat bs dtg samsat mohn sgera cepat mgkn baik selesai moga sukses selalu,1,4
mantap cepat akurat,1,5
sistem klo lepas kendara blokir error mulu,0,2
lepas milik motor malah sedang baik entah kapan bintang,0,1
cek pajak klo hurup blakang satu hurup,0,2
ada benar bantu ringan ngurus bayar pajak kendara sayang sering error bayar ikut error ngga download skkp jadi tetep datang samsat induk sama boong,0,2
alhamdulilah registasi hasil lihat biyaya pajak nyiapin uang makasih sapawarga,1,5
susah buka,0,1
bikin akun muncul notif hubung server koploook,0,1
segera proses baik cepat karna urus blokir kendara tunggu,1,5
sampai kapan baik lepas kendara,0,1
buka malah blank hitam,0,1
bayar pajak kendara mudah,1,5
kode bayar,0,1
usah ngantri jam,1,5
sekarang buka ngebleng,0,2
bulan tetep gk guna lepas milik kendara,0,1
versi baru lepas milik kendara,0,1
lepas milik baik melulu kelar brpa lama baik terus,0,1
bagus sarana bentuk transparansi government publik,1,5
lepas milik knp msh dlm baik,1,5
keren aplikasi pajak langsung bayar telat hari reservasi wisata jabar keren jawa barat,1,5
punya pemda banyak bugnya,0,1
akurat salah satu bisnis jual beli motor rasa tipu cek pajak beli juta beli motor isiin samsat jadi juta selisih juta untung berapa kayak gin malah rugi bukan untung,0,1
lepas milik kendara baik sistem,0,1
bug xiaomi poco buka langsung force close,0,1
simple hemat waktu usah antri kapan sedang mana,1,5
sayang sekali total jumlah bayar pajak sesuai,0,2
cukup baik beri imfo cepat,1,4
verifikasi no hp susah sekali bantu,1,4
baru coba sapawarga ko msh sering loading apa jaring depan bagus,1,4
kena tilang etle pas buka link malah trus stnk milik pertama knapa pas cek milik sungguh aneh,0,2
kapan beberapa fitur dlm baik guna,0,1
bagus apk,1,5
blokir kendara baik,1,4
layak buat perintah apa harap buka blank putih terus padahal jaring stabil bar penuh buka shopee berat main genshin impact lancar buka sapawarga homepage,0,1
bagus kurang antri loket,1,5
lepas milik dsini tulis milik pas keluar stnk milik al hasil kena progresif yg bom update samsat apa aplikasi blokir ngga,0,2
buka anehh,0,1
blokir kendara blm,1,4
ngecek apa skrg jdi mudah,1,5
sayang butuh masarakat maksimal baik,1,5
kali pake buat byr pajak kendara tetap gagal pdhal kode byr no va udh pas transaksi atm no kode sedia byr alfa indomaret tetep sapawarga link pembyaran mreka blm siap ky msk era digital aplgi,0,2
online sama ribetnya layan offline sering error anehh hidup negara konoha,0,1
bayar online bayar online ujung ujung dateng samsat,0,1
kapan beres baik fitur lepas milik ganti,0,1
minggu aplikasi gk digunain bayar pajak susah,0,1
bantu mudah bayar pkb online,1,5
oembayaran cepat mudah hebring pokonamah,1,5
tingkat terus,1,5
fitur lepas milik kapan selesai baik,0,2
lepas kendara baik terus kapan,0,1
sama kayak sambara guna,0,1
bikin akun sijuara buka,0,1
bayar lewat surat kirim alamat milik,1,4
bismillah moga banyak mudah baik maslahat,1,5
suka errol,1,5
lumayan mudah guna,1,4
menu lepas milik sedang baik terus kapan beres,0,1
minggu eror laku bayar pajak heran bayar pajak sulit buang uang pajak,0,1
bantu bayar pajak mudah,1,5
cepat ngecek kendaran motor,1,5
menu lepas milik acces kapan baik,0,1
apk lama pake pas masuk apk jd hrus masuk dri awal padahal dulu masuk email id lengkap knpa hrus mulai awal apk ribet kya dulu wktu msih apk sambara ribet mskpun lama pake tp tetap msih gmpang masuk apk,0,1
burik bayar pkb skpp,0,1
maintenance lepas milik kendaraanya lamaaa,0,1
sy kurang whatsapp hotline sy tanya hari jawab baik pakai apk signal bayar pajak dokumen kirim alamat rumah,0,2
terus baik hari blokir kendara,0,1
jelek banyak hang bug byk layan engga guna,0,1
maintenance lama beres padahal duit pajak negara main team itnya kelas ikan teri,0,1
lama maintenace udh minggu pakai lepas milik kendara tpi gk selesai selesai maintenance butuh berapa lama maintenance apa klo samsat,0,1
abis baru maintain lama kek kondangan pihak aplikatornya,0,2
banyak fitur yg baik lepas milik selalu buka link situs sekarang serba online harus pihak samsat mengunakan sistem it yg canggih masyarakat mudah urus segala perlu,0,2
aneh niat ken cek pajak eh malah baik lucu mending usah gabung sapa warga beda susah,0,1
sekarang udh bsa ngcek pajak lagih sh,0,1
maintenance gaberes beres,0,1
kapan maintenance pak,0,1
sekarang bagi cek pajak kendara buka,1,5
baik sekali,1,5
useless ttp samsat tetep ngantri bayar via tokped tp eskkp terbit,0,1
baik hampir minggu gk cek pajak kendara,0,1
jelek ne gaa jelas,0,1
dikit dikit aplikasi selalu dlm baik ampun dah sulit ken warga taat pajak,0,1
maintenance lama aneh,0,1
bayar pajak kaga baik kapan telat bayar jadi,0,1
abis baharu masa dipake lucu masa ngecek plat kendara blokir kendara tulis baik terus minggu gitu terus aplikasi tau kaya gitu mending tak usah baru aplikasi,0,1
apa banyak error baik hari hari tim it ijasah tembak kali jadi gin,0,1
bayar tulis baik mulu,0,1
banyak repot ganggu bae,1,4
eror kata baik wa komunikatif uang udh tf blm ubah status deadline tgl januari lewat kena denda plis bantu karna uang sedikit makasih,0,1
baik sistem lama hari blm selesai,0,2
cek pajak sedang baik berapa hari gabisa info,0,1
baru pakai baik mulu yg tau sebab bs pakai cek cek unit,0,1
terlalu sering baik lama,0,1
baik wae tuhhh,0,1
layan masyarakat koq cut off terus apa gk monitor,0,1
ijin hari sapawarga ko prbaikan terus gk cek pajak sampe kapan aktip yach,1,5
bayar pajak baik terus,1,5
mas baik,1,5
dikit dikit baik selalu baik gimana taat pajak begini,0,1
banyak bantu sekali tukang jual beli,1,5
dalem baik trus,0,1
ada bantu masyarakat khusus yg butuh layan yg ingin,1,5
karena aplikasi tida buka paswaktu bayar tagih pajak bintang,0,1
sambara jangan satuin sama sapawarga,0,1
blum bagus layan krn bayar pajak via sapawarga gk kluar lapor skkp padahal bayar via tokopedia transaksi hasil tokopedia tp sapawarga lapor alhasil uang nyangkut esamsat,0,1
bayar lalu bjb mobile selesai selesai malah bayar,0,1
percuma bayar online fisik kesah stnk tetap datang samsat bis kirim lewat paket,0,1
jelas bayar comerce hasil bayar sambara masuk tahun bayar online gada masalah baru kali bikin susah terus mesti minta ganti dwit siapa transaksi ngambang gin csnya jelas gimana cerita layan online jam kerja kantor hadehhhh samsat banyak calo online sistem uda bagus malah bikin jelas moga orang suka sulit orang cepat ikan hidayah,0,1
ka laku bayar sapawarga lewat alfa tpi samsatnya slalu ganggu proses,0,1
cepetin baik cek pajak soal urgent,1,5
hasil bayar pkb struk kodebayar tagih hilang ganti status waktu kode bayar habis lapor hotline wa sambara jawab baca padahal chat ulang jam kerja,0,1
apa masa tinggal bayar pajak lewat online malah keluar kan qris jgn buat ribet,0,1
moga makin manfaat,1,5
fitur lepas milik kapan guna terang baik sistem terus,0,2
tolongdong hapus pajak tahun buat ojol pickup,0,1
sapawarga jelek bagus sambara kecewa terlalu banyak bagi,0,1
sistem baik trus padahl bberap kali coba knpa susah kali blokir milik apa salah jelas,0,2
bantu bayar pajak kendara,1,5
mudah bayarpajak,1,5
haturnuhun bantu aplikasi,1,5
ko gabisa laku transaksi pas bayar,0,1
dftr masukin no hp masuk terang nomor valid pdhl nomor aktf payah,0,1
bayar pajak sambara gabisa maaf layan sedang cut off,0,1
kaga siap launching bayar kaga qris kaga payah,0,1
ngak bayar pajak sulit,0,1
laku bayar pajak motor dg kode bayar status proses waktu terus jalan komplenpun gimana,0,2
bayar status bayar gagal,0,2
good top bantu tahu berapa jumlah pajak kendara yg bayar,1,5
uninstal aplikasi dipake masukin no kendara,0,2
layan cut off terus apa sebab coba,0,1
kota medan sayang bnget padahal bagus aplikasi,1,4
pake apk bayar lewat mbangking,0,1
bayar terang sukses gimana,0,1
pas buka bank sampah selalu force close kak,1,4
tanya fisik wajib pajak kirim lewat paket perlu samsat,1,5
cek bayar pajak tahun ribet proses blokir kendara perlu repot repot datang kantor samsat,1,5
masa muncul pajak kendara eror begini,0,1
buat jateng apa apk,1,4
bantu unutk bayar pajak kendara online,1,5
susah download,0,1
sapawarga mutasi kendara,1,5
aplikasi eror bos masa kotak nopol cuman kolom kan susah ngecek maaf hapus,0,1
tingkat provinsi sering error sdm kmn baik atuuh,0,1
mudah genggam,1,5
